song_id,title,artist,year,language,moods,themes,url,duration_sec,views,is_explicit
B001,Tere Bina Zindagi Se,Lata Mangeshkar,1981,Hindi,romantic,devotion,https://www.youtube.com/watch?v=song001,246,192952548,False
B002,Lag Jaa Gale,Lata Mangeshkar,1964,Hindi,romantic,melancholy,https://www.youtube.com/watch?v=song002,348,28251405,False
B003,Aap Jaisa Koi,Nazia Hassan,1980,Hindi,romantic,first_love,https://www.youtube.com/watch?v=song003,350,89097476,False
B004,Tere Sang Yaara,Lata Mangeshkar,1975,Hindi,romantic,passion,https://www.youtube.com/watch?v=song004,244,10091754,False
B005,Mere Sapno Ki Rani,Kishore Kumar,1969,Hindi,romantic,dreamy,https://www.youtube.com/watch?v=song005,293,33782469,False
B006,Pyar Hua Ikrar Hua,Lata Mangeshkar,1955,Hindi,romantic,confession,https://www.youtube.com/watch?v=song006,347,197427700,False
B007,Aaj Kal Tere Mere,Kishore Kumar,1972,Hindi,romantic,playful,https://www.youtube.com/watch?v=song007,301,183973569,False
B008,Tum Jo Mil Gaye Ho,Mohammed Rafi,1971,Hindi,romantic,reunion,https://www.youtube.com/watch?v=song008,292,69481010,False
B009,Yeh Raat Bheegi Bheegi,Lata Mangeshkar,1956,Hindi,romantic,rainy_night,https://www.youtube.com/watch?v=song009,358,106817975,False
B010,Chaudhvin Ka Chand,Mohammed Rafi,1960,Hindi,romantic,beauty,https://www.youtube.com/watch?v=song010,263,128592595,False
B011,Pehla Nasha,Udit Narayan,1992,Hindi,romantic,first_love,https://www.youtube.com/watch?v=song011,263,118240838,False
B012,Tum Mile,Atif Aslam,2009,Hindi,romantic,reunion,https://www.youtube.com/watch?v=song012,254,161164074,False
B013,Chal Chaiyya Chaiyya,Sukhwinder Singh,1998,Hindi,romantic,celebration,https://www.youtube.com/watch?v=song013,306,155820174,False
B014,Tere Bina,Shreya Ghoshal,2007,Hindi,romantic,separation,https://www.youtube.com/watch?v=song014,333,79121891,False
B015,Main Tera Boyfriend,Rahat Fateh Ali Khan,2016,Hindi,romantic,playful,https://www.youtube.com/watch?v=song015,267,143928842,False
B016,Phir Bhi Tumko Chaahungi,Arijit Singh,2016,Hindi,romantic,unconditional,https://www.youtube.com/watch?v=song016,359,101825236,False
B017,Channa Mereya,Arijit Singh,2017,Hindi,romantic,heartbreak,https://www.youtube.com/watch?v=song017,275,157158404,False
B018,Gerua,Shreya Ghoshal,2015,Hindi,romantic,passion,https://www.youtube.com/watch?v=song018,293,148325175,False
B019,Soch Na Sake,Arijit Singh,2016,Hindi,romantic,confusion,https://www.youtube.com/watch?v=song019,350,32705943,False
B020,Tum Se Hi,Jagjit Singh,2007,Hindi,romantic,devotion,https://www.youtube.com/watch?v=song020,297,159483093,False
B021,Tum Hi Ho,Arijit Singh,2013,Hindi,romantic,longing,https://www.youtube.com/watch?v=song021,269,45601674,False
B022,Kal Ho Naa Ho,Shankar Mahadevan,2003,Hindi,romantic,melancholy,https://www.youtube.com/watch?v=song022,294,4568763,False
B023,Agar Tum Saath Ho,Arijit Singh,2015,Hindi,romantic,companionship,https://www.youtube.com/watch?v=song023,332,54009773,False
B024,Raabta,Shreya Ghoshal,2012,Hindi,romantic,destiny,https://www.youtube.com/watch?v=song024,298,133963053,False
B025,Kabira,Yo Yo Honey Singh,2013,Hindi,romantic,devotion,https://www.youtube.com/watch?v=song025,316,51051551,False
B026,Main Agar Kahoon,Sonu Nigam,2007,Hindi,romantic,confession,https://www.youtube.com/watch?v=song026,310,100948457,False
B027,Tere Liye,Atif Aslam,2010,Hindi,romantic,dedication,https://www.youtube.com/watch?v=song027,290,188883662,False
B028,Kabhi Kabhi Aditi,Shankar Mahadevan,2008,Hindi,romantic,nostalgia,https://www.youtube.com/watch?v=song028,360,73989006,False
B029,Kya Mujhe Pyaar Hai,Mohit Chauhan,2007,Hindi,romantic,realization,https://www.youtube.com/watch?v=song029,337,151418318,False
B030,Dil To Pagal Hai,Lata Mangeshkar,1997,Hindi,romantic,madness,https://www.youtube.com/watch?v=song030,279,179033330,False
B031,Tere Naam,Udit Narayan,2003,Hindi,romantic,devotion,https://www.youtube.com/watch?v=song031,244,124541697,False
B032,Mere Haath Mein,Sonu Nigam,2006,Hindi,romantic,proposal,https://www.youtube.com/watch?v=song032,317,74033520,False
B033,Tere Sang Yaara,Rahat Fateh Ali Khan,2016,Hindi,romantic,devotion,https://www.youtube.com/watch?v=song033,249,58982562,False
B034,Ae Dil Hai Mushkil,Arijit Singh,2016,Hindi,romantic,difficulty,https://www.youtube.com/watch?v=song034,339,62850002,False
B035,Tum Se Hi,Mohit Chauhan,2007,Hindi,romantic,devotion,https://www.youtube.com/watch?v=song035,261,170587863,False
B036,Main Tera Boyfriend,Rahat Fateh Ali Khan,2016,Hindi,romantic,playful,https://www.youtube.com/watch?v=song036,274,72289494,False
B037,Phir Bhi Tumko Chaahungi,Arijit Singh,2016,Hindi,romantic,unconditional,https://www.youtube.com/watch?v=song037,351,22148597,False
B038,Channa Mereya,Arijit Singh,2017,Hindi,romantic,heartbreak,https://www.youtube.com/watch?v=song038,317,5576123,False
B039,Gerua,Shreya Ghoshal,2015,Hindi,romantic,passion,https://www.youtube.com/watch?v=song039,342,23317839,False
B040,Tum Hi Ho,Arijit Singh,2013,Hindi,romantic,longing,https://www.youtube.com/watch?v=song040,247,155737440,False
B041,Pehla Nasha,Udit Narayan,1992,Hindi,romantic,first_love,https://www.youtube.com/watch?v=song041,305,142248517,False
B042,Tere Sang Yaara,Rahat Fateh Ali Khan,2016,Hindi,romantic,devotion,https://www.youtube.com/watch?v=song042,303,194968248,False
B043,Kal Ho Naa Ho,Shankar Mahadevan,2003,Hindi,romantic,melancholy,https://www.youtube.com/watch?v=song043,312,191287806,False
B044,Tum Mile,Atif Aslam,2009,Hindi,romantic,reunion,https://www.youtube.com/watch?v=song044,313,150185105,False
B045,Agar Tum Saath Ho,Arijit Singh,2015,Hindi,romantic,companionship,https://www.youtube.com/watch?v=song045,345,17080210,False
B046,Raabta,Shreya Ghoshal,2012,Hindi,romantic,destiny,https://www.youtube.com/watch?v=song046,262,93293871,False
B047,Chal Chaiyya Chaiyya,Sukhwinder Singh,1998,Hindi,romantic,celebration,https://www.youtube.com/watch?v=song047,343,55740906,False
B048,Tere Bina,Shreya Ghoshal,2007,Hindi,romantic,separation,https://www.youtube.com/watch?v=song048,317,129234753,False
B049,Kabira,Yo Yo Honey Singh,2013,Hindi,romantic,devotion,https://www.youtube.com/watch?v=song049,328,170185089,False
B050,Main Tera Boyfriend,Rahat Fateh Ali Khan,2016,Hindi,romantic,playful,https://www.youtube.com/watch?v=song050,329,189897910,False
B051,Phir Bhi Tumko Chaahungi,Arijit Singh,2016,Hindi,romantic,unconditional,https://www.youtube.com/watch?v=song051,270,112118159,False
B052,Channa Mereya,Arijit Singh,2017,Hindi,romantic,heartbreak,https://www.youtube.com/watch?v=song052,336,115448583,False
B053,Gerua,Shreya Ghoshal,2015,Hindi,romantic,passion,https://www.youtube.com/watch?v=song053,301,6452124,False
B054,Soch Na Sake,Arijit Singh,2016,Hindi,romantic,confusion,https://www.youtube.com/watch?v=song054,244,174896414,False
B055,Tum Se Hi,Jagjit Singh,2007,Hindi,romantic,devotion,https://www.youtube.com/watch?v=song055,253,84587464,False
B056,Kya Mujhe Pyaar Hai,Mohit Chauhan,2007,Hindi,romantic,realization,https://www.youtube.com/watch?v=song056,332,25717219,False
B057,Main Agar Kahoon,Sonu Nigam,2007,Hindi,romantic,confession,https://www.youtube.com/watch?v=song057,318,134255581,False
B058,Tere Liye,Atif Aslam,2010,Hindi,romantic,dedication,https://www.youtube.com/watch?v=song058,348,32349372,False
B059,Kabhi Kabhi Aditi,Shankar Mahadevan,2008,Hindi,romantic,nostalgia,https://www.youtube.com/watch?v=song059,320,24158357,False
B060,Tum Mile,Kishore Kumar,1977,Urdu,passionate,companionship,https://www.youtube.com/watch?v=song060,340,27739309,False
B061,Tum Se Hi,Sukhwinder Singh,2006,Punjabi,yearning,rainy_night,https://www.youtube.com/watch?v=song061,243,28522541,False
B062,Soch Na Sake,Rahat Fateh Ali Khan,1984,English,intimate,companionship,https://www.youtube.com/watch?v=song062,327,195775032,False
B063,Pehla Nasha,Sukhwinder Singh,2022,Punjabi,intimate,passion,https://www.youtube.com/watch?v=song063,354,17957627,False
B064,Soch Na Sake,Rahat Fateh Ali Khan,1982,English,romantic,realization,https://www.youtube.com/watch?v=song064,261,143976410,False
B065,Kabhi Kabhi Aditi,Lata Mangeshkar,1969,Punjabi,devotional,dedication,https://www.youtube.com/watch?v=song065,243,149521702,False
B066,Agar Tum Saath Ho,Atif Aslam,2011,Urdu,nostalgic,celebration,https://www.youtube.com/watch?v=song066,358,117451074,False
B067,Kal Ho Naa Ho,Shreya Ghoshal,2017,English,devotional,nostalgia,https://www.youtube.com/watch?v=song067,289,21273335,False
B068,Soch Na Sake,Lata Mangeshkar,1961,Punjabi,intimate,separation,https://www.youtube.com/watch?v=song068,264,19294547,False
B069,Raabta,Jagjit Singh,2024,Punjabi,romantic,confusion,https://www.youtube.com/watch?v=song069,346,95574114,False
B070,Soch Na Sake,Mohammed Rafi,1981,Punjabi,blissful,confession,https://www.youtube.com/watch?v=song070,240,94436857,False
B071,Main Tera Boyfriend,Mohammed Rafi,1994,English,nostalgic,nostalgia,https://www.youtube.com/watch?v=song071,263,44176150,False
B072,Tum Se Hi,Shreya Ghoshal,2001,Punjabi,dreamy,first_love,https://www.youtube.com/watch?v=song072,280,73436747,False
B073,Tum Se Hi,Rahat Fateh Ali Khan,1990,Urdu,melancholic,beauty,https://www.youtube.com/watch?v=song073,289,60122492,False
B074,Tum Se Hi,Mohammed Rafi,1971,Urdu,nostalgic,confession,https://www.youtube.com/watch?v=song074,329,87844696,False
B075,Tum Se Hi,Lata Mangeshkar,1984,Hindi,devotional,nostalgia,https://www.youtube.com/watch?v=song075,255,45416110,False
B076,Kabhi Kabhi Aditi,Shankar Mahadevan,2021,Punjabi,passionate,companionship,https://www.youtube.com/watch?v=song076,357,6627131,False
B077,Agar Tum Saath Ho,Arijit Singh,1974,Hindi,yearning,rainy_night,https://www.youtube.com/watch?v=song077,307,167260524,False
B078,Kya Mujhe Pyaar Hai,Lata Mangeshkar,2019,Urdu,yearning,beauty,https://www.youtube.com/watch?v=song078,240,191405261,False
B079,Soch Na Sake,Sukhwinder Singh,1994,Urdu,romantic,dedication,https://www.youtube.com/watch?v=song079,348,175362892,False
B080,Main Tera Boyfriend,Atif Aslam,1989,Hindi,passionate,first_love,https://www.youtube.com/watch?v=song080,326,150518478,False
B081,Tum Se Hi,Arijit Singh,2012,Urdu,romantic,melancholy,https://www.youtube.com/watch?v=song081,341,53392993,False
B082,Kal Ho Naa Ho,Shankar Mahadevan,1975,Urdu,intimate,separation,https://www.youtube.com/watch?v=song082,287,74383494,False
B083,Tum Mile,Shreya Ghoshal,1954,Hindi,melancholic,melancholy,https://www.youtube.com/watch?v=song083,297,190132884,False
B084,Chal Chaiyya Chaiyya,Arijit Singh,1979,Hindi,melancholic,longing,https://www.youtube.com/watch?v=song084,322,84408742,False
B085,Main Agar Kahoon,Sonu Nigam,2014,Urdu,devotional,realization,https://www.youtube.com/watch?v=song085,328,152009553,False
B086,Chal Chaiyya Chaiyya,Kishore Kumar,2024,English,passionate,longing,https://www.youtube.com/watch?v=song086,354,10947787,False
B087,Kabhi Kabhi Aditi,Rahat Fateh Ali Khan,1981,Punjabi,nostalgic,confession,https://www.youtube.com/watch?v=song087,343,121012269,False
B088,Kal Ho Naa Ho,Kishore Kumar,2007,Urdu,intimate,heartbreak,https://www.youtube.com/watch?v=song088,251,51114034,False
B089,Kya Mujhe Pyaar Hai,Udit Narayan,1951,Urdu,yearning,playful,https://www.youtube.com/watch?v=song089,315,43452067,False
B090,Kabira,Sonu Nigam,1992,English,intimate,melancholy,https://www.youtube.com/watch?v=song090,257,166274263,False
B091,Tere Liye,Jagjit Singh,1971,Urdu,devotional,reunion,https://www.youtube.com/watch?v=song091,311,178211812,False
B092,Agar Tum Saath Ho,Atif Aslam,1989,Urdu,dreamy,nostalgia,https://www.youtube.com/watch?v=song092,309,32581263,False
B093,Kal Ho Naa Ho,Lata Mangeshkar,2011,Hindi,devotional,beauty,https://www.youtube.com/watch?v=song093,331,108562469,False
B094,Tum Mile,Mohammed Rafi,2004,Punjabi,passionate,realization,https://www.youtube.com/watch?v=song094,334,50569567,False
B095,Kabira,Kishore Kumar,1955,Hindi,yearning,first_love,https://www.youtube.com/watch?v=song095,277,45957877,False
B096,Kal Ho Naa Ho,Udit Narayan,1999,Urdu,dreamy,destiny,https://www.youtube.com/watch?v=song096,346,11204091,False
B097,Tum Se Hi,Shankar Mahadevan,1960,Urdu,playful,playful,https://www.youtube.com/watch?v=song097,300,138575160,False
B098,Raabta,Jagjit Singh,1971,Punjabi,blissful,devotion,https://www.youtube.com/watch?v=song098,344,33710315,False
B099,Raabta,Mohammed Rafi,2016,Hindi,blissful,beauty,https://www.youtube.com/watch?v=song099,255,69748226,False
B100,Tum Se Hi,Jagjit Singh,2004,Urdu,romantic,passion,https://www.youtube.com/watch?v=song100,319,21933643,False
B101,Agar Tum Saath Ho,Sukhwinder Singh,1982,Hindi,dreamy,passion,https://www.youtube.com/watch?v=song101,280,136137871,False
B102,Tum Hi Ho,Shreya Ghoshal,1994,Punjabi,passionate,first_love,https://www.youtube.com/watch?v=song102,317,31165978,False
B103,Tere Sang Yaara,Lata Mangeshkar,2000,Hindi,playful,first_love,https://www.youtube.com/watch?v=song103,261,190402897,False
B104,Tum Hi Ho,Shreya Ghoshal,1991,Hindi,passionate,longing,https://www.youtube.com/watch?v=song104,359,63886458,False
B105,Tum Se Hi,Udit Narayan,1964,Urdu,romantic,realization,https://www.youtube.com/watch?v=song105,352,99650086,False
B106,Soch Na Sake,Shreya Ghoshal,2006,Punjabi,nostalgic,playful,https://www.youtube.com/watch?v=song106,266,57783271,False
B107,Kabhi Kabhi Aditi,Shankar Mahadevan,2012,Urdu,yearning,reunion,https://www.youtube.com/watch?v=song107,261,52413566,False
B108,Kabira,Sonu Nigam,1960,Hindi,melancholic,companionship,https://www.youtube.com/watch?v=song108,267,11481450,False
B109,Tere Sang Yaara,Sonu Nigam,1955,English,intimate,confusion,https://www.youtube.com/watch?v=song109,266,130809419,False
B110,Channa Mereya,Atif Aslam,2005,English,yearning,realization,https://www.youtube.com/watch?v=song110,305,127218198,False
B111,Channa Mereya,Sukhwinder Singh,2023,English,devotional,melancholy,https://www.youtube.com/watch?v=song111,348,93234783,False
B112,Gerua,Mohit Chauhan,2012,Punjabi,blissful,beauty,https://www.youtube.com/watch?v=song112,274,90205166,False
B113,Raabta,Atif Aslam,1997,Hindi,romantic,unconditional,https://www.youtube.com/watch?v=song113,247,124186213,False
B114,Kabhi Kabhi Aditi,Rahat Fateh Ali Khan,1967,Punjabi,nostalgic,beauty,https://www.youtube.com/watch?v=song114,326,94764358,False
B115,Chal Chaiyya Chaiyya,Shreya Ghoshal,1966,Punjabi,nostalgic,dedication,https://www.youtube.com/watch?v=song115,321,32737037,False
B116,Tum Hi Ho,Atif Aslam,1992,Punjabi,romantic,passion,https://www.youtube.com/watch?v=song116,302,181014570,False
B117,Gerua,Jagjit Singh,1972,English,melancholic,melancholy,https://www.youtube.com/watch?v=song117,356,145842888,False
B118,Tum Hi Ho,Mohammed Rafi,1963,Punjabi,intimate,confusion,https://www.youtube.com/watch?v=song118,258,98697627,False
B119,Raabta,Sonu Nigam,2013,Punjabi,blissful,devotion,https://www.youtube.com/watch?v=song119,293,143408901,False
B120,Kal Ho Naa Ho,Sukhwinder Singh,2003,Urdu,yearning,unconditional,https://www.youtube.com/watch?v=song120,353,75768922,False
B121,Tere Sang Yaara,Atif Aslam,2002,Hindi,intimate,realization,https://www.youtube.com/watch?v=song121,252,90057618,False
B122,Tum Mile,Sonu Nigam,2001,Punjabi,yearning,rainy_night,https://www.youtube.com/watch?v=song122,283,99599678,False
B123,Tere Liye,Yo Yo Honey Singh,1961,Punjabi,dreamy,playful,https://www.youtube.com/watch?v=song123,323,76789932,False
B124,Kabhi Kabhi Aditi,Sonu Nigam,2008,English,melancholic,confession,https://www.youtube.com/watch?v=song124,247,196376279,False
B125,Tere Bina,Jagjit Singh,1970,Hindi,playful,beauty,https://www.youtube.com/watch?v=song125,324,52594121,False
B126,Agar Tum Saath Ho,Atif Aslam,2019,Urdu,playful,unconditional,https://www.youtube.com/watch?v=song126,358,125498692,False
B127,Soch Na Sake,Shankar Mahadevan,2023,Punjabi,romantic,playful,https://www.youtube.com/watch?v=song127,292,169270225,False
B128,Pehla Nasha,Jagjit Singh,2014,Urdu,melancholic,realization,https://www.youtube.com/watch?v=song128,337,193500169,False
B129,Tum Mile,Lata Mangeshkar,1963,Urdu,passionate,separation,https://www.youtube.com/watch?v=song129,356,89683424,False
B130,Channa Mereya,Yo Yo Honey Singh,2012,Urdu,playful,destiny,https://www.youtube.com/watch?v=song130,299,11645335,False
B131,Soch Na Sake,Mohit Chauhan,1953,Urdu,intimate,separation,https://www.youtube.com/watch?v=song131,293,110992608,False
B132,Tum Se Hi,Shankar Mahadevan,1996,Urdu,nostalgic,dedication,https://www.youtube.com/watch?v=song132,330,10568241,False
B133,Tere Liye,Rahat Fateh Ali Khan,1996,Hindi,passionate,nostalgia,https://www.youtube.com/watch?v=song133,345,168628034,False
B134,Tere Bina,Rahat Fateh Ali Khan,1970,Urdu,nostalgic,beauty,https://www.youtube.com/watch?v=song134,359,4751250,False
B135,Tum Hi Ho,Mohammed Rafi,1982,Punjabi,playful,beauty,https://www.youtube.com/watch?v=song135,360,165850151,False
B136,Tum Se Hi,Mohit Chauhan,1998,Punjabi,passionate,rainy_night,https://www.youtube.com/watch?v=song136,262,33827841,False
B137,Tere Bina,Shreya Ghoshal,2004,English,devotional,rainy_night,https://www.youtube.com/watch?v=song137,339,25661317,False
B138,Kal Ho Naa Ho,Sukhwinder Singh,2015,Hindi,romantic,confession,https://www.youtube.com/watch?v=song138,266,138763458,False
B139,Kya Mujhe Pyaar Hai,Shankar Mahadevan,1983,Punjabi,yearning,longing,https://www.youtube.com/watch?v=song139,359,78060431,False
B140,Tum Mile,Yo Yo Honey Singh,1985,Urdu,intimate,first_love,https://www.youtube.com/watch?v=song140,258,176493497,False
B141,Tum Se Hi,Lata Mangeshkar,1967,Punjabi,passionate,companionship,https://www.youtube.com/watch?v=song141,356,38540430,False
B142,Tere Bina,Atif Aslam,1957,English,dreamy,playful,https://www.youtube.com/watch?v=song142,344,198784468,False
B143,Channa Mereya,Sonu Nigam,1988,Hindi,melancholic,passion,https://www.youtube.com/watch?v=song143,251,153369545,False
B144,Main Agar Kahoon,Mohit Chauhan,2013,Punjabi,dreamy,companionship,https://www.youtube.com/watch?v=song144,291,33946671,False
B145,Pehla Nasha,Arijit Singh,1958,Hindi,nostalgic,confusion,https://www.youtube.com/watch?v=song145,257,86693353,False
B146,Phir Bhi Tumko Chaahungi,Arijit Singh,1958,Hindi,melancholic,confusion,https://www.youtube.com/watch?v=song146,308,70985042,False
B147,Soch Na Sake,Sonu Nigam,2022,Urdu,intimate,destiny,https://www.youtube.com/watch?v=song147,284,101399749,False
B148,Gerua,Rahat Fateh Ali Khan,1981,English,nostalgic,heartbreak,https://www.youtube.com/watch?v=song148,286,29666376,False
B149,Kabira,Shankar Mahadevan,1953,Punjabi,melancholic,confession,https://www.youtube.com/watch?v=song149,265,147108186,False
B150,Kya Mujhe Pyaar Hai,Sonu Nigam,1984,Punjabi,romantic,celebration,https://www.youtube.com/watch?v=song150,305,53302364,False
B151,Main Tera Boyfriend,Sukhwinder Singh,1998,English,passionate,realization,https://www.youtube.com/watch?v=song151,309,108367876,False
B152,Agar Tum Saath Ho,Sukhwinder Singh,1954,Hindi,romantic,companionship,https://www.youtube.com/watch?v=song152,286,56241772,False
B153,Soch Na Sake,Rahat Fateh Ali Khan,1994,Urdu,playful,first_love,https://www.youtube.com/watch?v=song153,276,148635134,False
B154,Raabta,Mohammed Rafi,2021,Punjabi,melancholic,companionship,https://www.youtube.com/watch?v=song154,253,61794667,False
B155,Raabta,Sonu Nigam,1998,English,blissful,confession,https://www.youtube.com/watch?v=song155,241,165748026,False
B156,Gerua,Arijit Singh,1955,Punjabi,blissful,confusion,https://www.youtube.com/watch?v=song156,261,98216173,False
B157,Kabira,Rahat Fateh Ali Khan,1959,English,romantic,reunion,https://www.youtube.com/watch?v=song157,351,39313795,False
B158,Raabta,Atif Aslam,1985,Urdu,melancholic,longing,https://www.youtube.com/watch?v=song158,350,2238793,False
B159,Tum Mile,Jagjit Singh,1981,Urdu,yearning,melancholy,https://www.youtube.com/watch?v=song159,327,189071041,False
B160,Kabhi Kabhi Aditi,Kishore Kumar,1961,Punjabi,romantic,first_love,https://www.youtube.com/watch?v=song160,287,93375978,False
B161,Main Tera Boyfriend,Arijit Singh,1975,English,dreamy,nostalgia,https://www.youtube.com/watch?v=song161,250,152846192,False
B162,Tere Bina,Shreya Ghoshal,1989,Urdu,yearning,first_love,https://www.youtube.com/watch?v=song162,312,78881418,False
B163,Agar Tum Saath Ho,Jagjit Singh,1953,English,melancholic,heartbreak,https://www.youtube.com/watch?v=song163,253,40357581,False
B164,Tum Se Hi,Kishore Kumar,1959,Punjabi,melancholic,rainy_night,https://www.youtube.com/watch?v=song164,333,2610756,False
B165,Main Agar Kahoon,Rahat Fateh Ali Khan,2008,English,intimate,separation,https://www.youtube.com/watch?v=song165,294,185196860,False
B166,Kya Mujhe Pyaar Hai,Arijit Singh,1996,Hindi,nostalgic,longing,https://www.youtube.com/watch?v=song166,320,162721413,False
B167,Phir Bhi Tumko Chaahungi,Atif Aslam,2000,Hindi,melancholic,heartbreak,https://www.youtube.com/watch?v=song167,250,108830787,False
B168,Phir Bhi Tumko Chaahungi,Rahat Fateh Ali Khan,1956,Urdu,melancholic,nostalgia,https://www.youtube.com/watch?v=song168,283,71180689,False
B169,Kabhi Kabhi Aditi,Sonu Nigam,2012,English,romantic,separation,https://www.youtube.com/watch?v=song169,310,114882920,False
B170,Soch Na Sake,Shankar Mahadevan,2011,Punjabi,romantic,confusion,https://www.youtube.com/watch?v=song170,266,24749808,False
B171,Phir Bhi Tumko Chaahungi,Shreya Ghoshal,1983,Punjabi,blissful,beauty,https://www.youtube.com/watch?v=song171,359,53545337,False
B172,Tum Hi Ho,Rahat Fateh Ali Khan,1981,English,romantic,destiny,https://www.youtube.com/watch?v=song172,302,187564950,False
B173,Phir Bhi Tumko Chaahungi,Sonu Nigam,2024,Punjabi,nostalgic,beauty,https://www.youtube.com/watch?v=song173,341,104248515,False
B174,Main Tera Boyfriend,Sonu Nigam,2007,English,blissful,playful,https://www.youtube.com/watch?v=song174,289,83405383,False
B175,Tum Mile,Shreya Ghoshal,1971,Punjabi,passionate,longing,https://www.youtube.com/watch?v=song175,244,137360670,False
B176,Kal Ho Naa Ho,Sukhwinder Singh,1954,Punjabi,devotional,companionship,https://www.youtube.com/watch?v=song176,252,32246735,False
B177,Tere Sang Yaara,Udit Narayan,1968,English,devotional,longing,https://www.youtube.com/watch?v=song177,281,122974465,False
B178,Tere Liye,Jagjit Singh,2001,Hindi,passionate,nostalgia,https://www.youtube.com/watch?v=song178,351,39401547,False
B179,Tere Sang Yaara,Shankar Mahadevan,1994,Punjabi,devotional,passion,https://www.youtube.com/watch?v=song179,336,47728152,False
B180,Gerua,Udit Narayan,2004,Hindi,romantic,confession,https://www.youtube.com/watch?v=song180,334,91831149,False
B181,Gerua,Lata Mangeshkar,2012,Hindi,devotional,devotion,https://www.youtube.com/watch?v=song181,258,49961964,False
B182,Phir Bhi Tumko Chaahungi,Jagjit Singh,1986,English,yearning,nostalgia,https://www.youtube.com/watch?v=song182,356,167720522,False
B183,Kal Ho Naa Ho,Mohammed Rafi,1998,Hindi,passionate,celebration,https://www.youtube.com/watch?v=song183,285,58789899,False
B184,Kal Ho Naa Ho,Yo Yo Honey Singh,2000,Hindi,melancholic,reunion,https://www.youtube.com/watch?v=song184,254,16200387,False
B185,Agar Tum Saath Ho,Kishore Kumar,2010,Hindi,playful,unconditional,https://www.youtube.com/watch?v=song185,260,129939717,False
B186,Channa Mereya,Shreya Ghoshal,1995,Punjabi,dreamy,confession,https://www.youtube.com/watch?v=song186,310,54762616,False
B187,Tere Liye,Mohit Chauhan,1962,Punjabi,yearning,reunion,https://www.youtube.com/watch?v=song187,315,178268025,False
B188,Kal Ho Naa Ho,Lata Mangeshkar,2023,Hindi,nostalgic,unconditional,https://www.youtube.com/watch?v=song188,351,99113257,False
B189,Kal Ho Naa Ho,Mohammed Rafi,1979,English,intimate,realization,https://www.youtube.com/watch?v=song189,330,118278580,False
B190,Tere Liye,Arijit Singh,2017,English,nostalgic,beauty,https://www.youtube.com/watch?v=song190,281,126405822,False
B191,Main Agar Kahoon,Shreya Ghoshal,1961,Punjabi,yearning,unconditional,https://www.youtube.com/watch?v=song191,314,53833271,False
B192,Channa Mereya,Shreya Ghoshal,1972,Hindi,blissful,rainy_night,https://www.youtube.com/watch?v=song192,324,70213429,False
B193,Tere Liye,Jagjit Singh,2005,Hindi,melancholic,companionship,https://www.youtube.com/watch?v=song193,261,33432127,False
B194,Chal Chaiyya Chaiyya,Yo Yo Honey Singh,1952,Urdu,yearning,longing,https://www.youtube.com/watch?v=song194,345,125087630,False
B195,Tum Hi Ho,Yo Yo Honey Singh,1973,Punjabi,yearning,companionship,https://www.youtube.com/watch?v=song195,298,179960017,False
B196,Agar Tum Saath Ho,Lata Mangeshkar,1981,English,blissful,reunion,https://www.youtube.com/watch?v=song196,289,153031676,False
B197,Pehla Nasha,Atif Aslam,1971,Urdu,nostalgic,dedication,https://www.youtube.com/watch?v=song197,291,193161831,False
B198,Tum Mile,Lata Mangeshkar,2000,Urdu,playful,confession,https://www.youtube.com/watch?v=song198,346,63193718,False
B199,Raabta,Mohammed Rafi,1976,Punjabi,dreamy,separation,https://www.youtube.com/watch?v=song199,305,124966199,False
B200,Tere Sang Yaara,Mohammed Rafi,1980,Urdu,melancholic,companionship,https://www.youtube.com/watch?v=song200,263,62218691,False
B201,Tum Se Hi,Shreya Ghoshal,2014,Urdu,devotional,separation,https://www.youtube.com/watch?v=song201,335,120300641,False
B202,Chal Chaiyya Chaiyya,Mohammed Rafi,2007,English,yearning,melancholy,https://www.youtube.com/watch?v=song202,261,5521282,False
B203,Phir Bhi Tumko Chaahungi,Kishore Kumar,2006,Punjabi,passionate,unconditional,https://www.youtube.com/watch?v=song203,301,153318365,False
B204,Tere Sang Yaara,Udit Narayan,2019,Urdu,intimate,melancholy,https://www.youtube.com/watch?v=song204,339,142195101,False
B205,Chal Chaiyya Chaiyya,Lata Mangeshkar,1972,Urdu,romantic,dedication,https://www.youtube.com/watch?v=song205,277,22655833,False
B206,Channa Mereya,Jagjit Singh,2011,Hindi,devotional,reunion,https://www.youtube.com/watch?v=song206,315,30136366,False
B207,Tere Bina,Mohammed Rafi,2005,Urdu,melancholic,beauty,https://www.youtube.com/watch?v=song207,312,142890454,False
B208,Main Tera Boyfriend,Shankar Mahadevan,1985,Punjabi,passionate,confession,https://www.youtube.com/watch?v=song208,294,104983895,False
B209,Tere Bina,Arijit Singh,1978,Urdu,nostalgic,nostalgia,https://www.youtube.com/watch?v=song209,273,137250777,False
B210,Phir Bhi Tumko Chaahungi,Lata Mangeshkar,1993,English,yearning,celebration,https://www.youtube.com/watch?v=song210,251,66198806,False
B211,Tere Sang Yaara,Udit Narayan,1970,Punjabi,blissful,confusion,https://www.youtube.com/watch?v=song211,304,133295137,False
B212,Tum Se Hi,Udit Narayan,2002,Hindi,playful,realization,https://www.youtube.com/watch?v=song212,351,155302108,False
B213,Chal Chaiyya Chaiyya,Shreya Ghoshal,1977,Hindi,intimate,celebration,https://www.youtube.com/watch?v=song213,347,145105590,False
B214,Kya Mujhe Pyaar Hai,Udit Narayan,2009,Urdu,blissful,heartbreak,https://www.youtube.com/watch?v=song214,323,24356283,False
B215,Tere Liye,Shankar Mahadevan,2003,Punjabi,romantic,nostalgia,https://www.youtube.com/watch?v=song215,240,181582382,False
B216,Kabhi Kabhi Aditi,Udit Narayan,2005,Hindi,melancholic,beauty,https://www.youtube.com/watch?v=song216,276,68863409,False
B217,Tum Mile,Shreya Ghoshal,1982,English,nostalgic,first_love,https://www.youtube.com/watch?v=song217,274,27456618,False
B218,Tere Liye,Atif Aslam,2006,Punjabi,devotional,heartbreak,https://www.youtube.com/watch?v=song218,261,5177103,False
B219,Pehla Nasha,Mohit Chauhan,1954,English,romantic,separation,https://www.youtube.com/watch?v=song219,313,112280147,False
B220,Main Tera Boyfriend,Arijit Singh,1989,English,intimate,rainy_night,https://www.youtube.com/watch?v=song220,287,199595205,False
B221,Tere Sang Yaara,Arijit Singh,1993,English,yearning,separation,https://www.youtube.com/watch?v=song221,301,61570446,False
B222,Agar Tum Saath Ho,Sukhwinder Singh,2009,Hindi,playful,first_love,https://www.youtube.com/watch?v=song222,338,144995178,False
B223,Tere Sang Yaara,Lata Mangeshkar,1967,Punjabi,romantic,reunion,https://www.youtube.com/watch?v=song223,301,142041518,False
B224,Soch Na Sake,Mohammed Rafi,1985,Punjabi,yearning,confession,https://www.youtube.com/watch?v=song224,241,173046085,False
B225,Tere Liye,Udit Narayan,1950,Hindi,intimate,destiny,https://www.youtube.com/watch?v=song225,283,31799611,False
B226,Main Agar Kahoon,Shreya Ghoshal,1994,Hindi,yearning,reunion,https://www.youtube.com/watch?v=song226,344,113639755,False
B227,Tum Se Hi,Shreya Ghoshal,1969,Punjabi,playful,unconditional,https://www.youtube.com/watch?v=song227,339,151121626,False
B228,Phir Bhi Tumko Chaahungi,Atif Aslam,2020,English,intimate,first_love,https://www.youtube.com/watch?v=song228,261,156475482,False
B229,Main Agar Kahoon,Sonu Nigam,2009,Urdu,blissful,devotion,https://www.youtube.com/watch?v=song229,258,138804595,False
B230,Tum Hi Ho,Sukhwinder Singh,1972,English,passionate,reunion,https://www.youtube.com/watch?v=song230,321,141593026,False
B231,Main Agar Kahoon,Udit Narayan,2009,Hindi,playful,passion,https://www.youtube.com/watch?v=song231,350,85109279,False
B232,Kya Mujhe Pyaar Hai,Udit Narayan,1961,Punjabi,yearning,beauty,https://www.youtube.com/watch?v=song232,343,24910409,False
B233,Phir Bhi Tumko Chaahungi,Shreya Ghoshal,1982,Urdu,nostalgic,first_love,https://www.youtube.com/watch?v=song233,280,184553840,False
B234,Tere Bina,Udit Narayan,2008,Hindi,romantic,separation,https://www.youtube.com/watch?v=song234,330,195945477,False
B235,Channa Mereya,Mohit Chauhan,2016,Hindi,nostalgic,rainy_night,https://www.youtube.com/watch?v=song235,311,36568473,False
B236,Tum Hi Ho,Rahat Fateh Ali Khan,2014,Urdu,melancholic,companionship,https://www.youtube.com/watch?v=song236,331,108044764,False
B237,Tere Liye,Mohammed Rafi,1983,Punjabi,romantic,playful,https://www.youtube.com/watch?v=song237,345,175833296,False
B238,Main Agar Kahoon,Udit Narayan,1953,Hindi,passionate,nostalgia,https://www.youtube.com/watch?v=song238,272,109686373,False
B239,Kal Ho Naa Ho,Shankar Mahadevan,2016,Hindi,yearning,confusion,https://www.youtube.com/watch?v=song239,309,135271970,False
B240,Kabira,Sonu Nigam,1955,Urdu,melancholic,devotion,https://www.youtube.com/watch?v=song240,243,53729718,False
B241,Tum Hi Ho,Kishore Kumar,2013,Urdu,passionate,celebration,https://www.youtube.com/watch?v=song241,330,40486438,False
B242,Tum Mile,Kishore Kumar,2002,Punjabi,melancholic,celebration,https://www.youtube.com/watch?v=song242,251,96389826,False
B243,Kal Ho Naa Ho,Atif Aslam,2017,English,dreamy,confession,https://www.youtube.com/watch?v=song243,297,6627284,False
B244,Kya Mujhe Pyaar Hai,Lata Mangeshkar,1973,Urdu,playful,confession,https://www.youtube.com/watch?v=song244,250,39094879,False
B245,Tere Bina,Lata Mangeshkar,2011,Hindi,passionate,rainy_night,https://www.youtube.com/watch?v=song245,338,156336816,False
B246,Tere Sang Yaara,Atif Aslam,1973,Hindi,nostalgic,longing,https://www.youtube.com/watch?v=song246,247,117303953,False
B247,Phir Bhi Tumko Chaahungi,Jagjit Singh,2019,Hindi,blissful,unconditional,https://www.youtube.com/watch?v=song247,308,151827287,False
B248,Channa Mereya,Yo Yo Honey Singh,2005,Hindi,devotional,unconditional,https://www.youtube.com/watch?v=song248,288,85825281,False
B249,Pehla Nasha,Sukhwinder Singh,1967,Punjabi,yearning,passion,https://www.youtube.com/watch?v=song249,352,156619226,False
B250,Soch Na Sake,Lata Mangeshkar,2009,Hindi,nostalgic,unconditional,https://www.youtube.com/watch?v=song250,312,78677296,False
B251,Kabhi Kabhi Aditi,Mohit Chauhan,1962,English,melancholic,nostalgia,https://www.youtube.com/watch?v=song251,269,14343302,False
B252,Channa Mereya,Rahat Fateh Ali Khan,1996,Punjabi,blissful,beauty,https://www.youtube.com/watch?v=song252,241,60584886,False
B253,Chal Chaiyya Chaiyya,Kishore Kumar,1967,Hindi,intimate,confession,https://www.youtube.com/watch?v=song253,299,71357210,False
B254,Gerua,Sukhwinder Singh,2000,Punjabi,nostalgic,confession,https://www.youtube.com/watch?v=song254,358,120628195,False
B255,Kya Mujhe Pyaar Hai,Udit Narayan,1957,Urdu,blissful,reunion,https://www.youtube.com/watch?v=song255,290,43230795,False
B256,Soch Na Sake,Atif Aslam,2009,English,melancholic,confession,https://www.youtube.com/watch?v=song256,291,112747679,False
B257,Agar Tum Saath Ho,Jagjit Singh,1974,English,romantic,melancholy,https://www.youtube.com/watch?v=song257,313,44661793,False
B258,Pehla Nasha,Sukhwinder Singh,1983,Urdu,passionate,companionship,https://www.youtube.com/watch?v=song258,326,166052359,False
B259,Kabhi Kabhi Aditi,Udit Narayan,1960,Urdu,blissful,playful,https://www.youtube.com/watch?v=song259,295,152930541,False
B260,Raabta,Arijit Singh,2014,Urdu,devotional,rainy_night,https://www.youtube.com/watch?v=song260,331,70240904,False
B261,Kya Mujhe Pyaar Hai,Yo Yo Honey Singh,1977,Hindi,devotional,heartbreak,https://www.youtube.com/watch?v=song261,338,35344963,False
B262,Tere Bina,Arijit Singh,2017,Urdu,intimate,confession,https://www.youtube.com/watch?v=song262,242,79918375,False
B263,Chal Chaiyya Chaiyya,Atif Aslam,1973,Urdu,passionate,realization,https://www.youtube.com/watch?v=song263,288,137002862,False
B264,Tere Sang Yaara,Lata Mangeshkar,1964,Hindi,blissful,melancholy,https://www.youtube.com/watch?v=song264,334,116945593,False
B265,Chal Chaiyya Chaiyya,Yo Yo Honey Singh,1987,Hindi,romantic,celebration,https://www.youtube.com/watch?v=song265,285,115153985,False
B266,Main Agar Kahoon,Mohit Chauhan,1976,Hindi,devotional,companionship,https://www.youtube.com/watch?v=song266,346,187956966,False
B267,Tum Hi Ho,Arijit Singh,2015,Hindi,romantic,dedication,https://www.youtube.com/watch?v=song267,246,134122342,False
B268,Phir Bhi Tumko Chaahungi,Atif Aslam,1990,English,melancholic,companionship,https://www.youtube.com/watch?v=song268,268,151602086,False
B269,Phir Bhi Tumko Chaahungi,Yo Yo Honey Singh,1953,Urdu,romantic,playful,https://www.youtube.com/watch?v=song269,249,112327737,False
B270,Phir Bhi Tumko Chaahungi,Udit Narayan,1975,English,blissful,unconditional,https://www.youtube.com/watch?v=song270,299,114141870,False
B271,Pehla Nasha,Yo Yo Honey Singh,1982,Punjabi,romantic,heartbreak,https://www.youtube.com/watch?v=song271,264,97269980,False
B272,Tere Liye,Kishore Kumar,1994,English,melancholic,heartbreak,https://www.youtube.com/watch?v=song272,315,109864327,False
B273,Kya Mujhe Pyaar Hai,Mohit Chauhan,1987,English,melancholic,confession,https://www.youtube.com/watch?v=song273,336,189753280,False
B274,Gerua,Udit Narayan,2009,Urdu,romantic,beauty,https://www.youtube.com/watch?v=song274,296,105112861,False
B275,Channa Mereya,Jagjit Singh,1973,Hindi,dreamy,dedication,https://www.youtube.com/watch?v=song275,273,15189048,False
B276,Kal Ho Naa Ho,Mohammed Rafi,2016,Urdu,romantic,confusion,https://www.youtube.com/watch?v=song276,260,67593890,False
B277,Tum Hi Ho,Kishore Kumar,2023,English,yearning,confusion,https://www.youtube.com/watch?v=song277,295,54176500,False
B278,Raabta,Atif Aslam,1973,Punjabi,blissful,beauty,https://www.youtube.com/watch?v=song278,359,125407306,False
B279,Soch Na Sake,Shankar Mahadevan,1991,English,passionate,first_love,https://www.youtube.com/watch?v=song279,281,44111746,False
B280,Kabira,Shankar Mahadevan,2008,Urdu,blissful,nostalgia,https://www.youtube.com/watch?v=song280,288,38789215,False
B281,Chal Chaiyya Chaiyya,Udit Narayan,1984,Punjabi,blissful,reunion,https://www.youtube.com/watch?v=song281,345,130570607,False
B282,Kya Mujhe Pyaar Hai,Udit Narayan,2000,Punjabi,playful,playful,https://www.youtube.com/watch?v=song282,246,197141985,False
B283,Raabta,Yo Yo Honey Singh,1987,Hindi,melancholic,realization,https://www.youtube.com/watch?v=song283,311,41370662,False
B284,Kya Mujhe Pyaar Hai,Kishore Kumar,1955,Urdu,yearning,beauty,https://www.youtube.com/watch?v=song284,340,48835940,False
B285,Tum Hi Ho,Rahat Fateh Ali Khan,1958,Punjabi,yearning,reunion,https://www.youtube.com/watch?v=song285,326,44195617,False
B286,Phir Bhi Tumko Chaahungi,Mohit Chauhan,1972,English,nostalgic,playful,https://www.youtube.com/watch?v=song286,291,179642800,False
B287,Tum Hi Ho,Yo Yo Honey Singh,1974,Urdu,devotional,heartbreak,https://www.youtube.com/watch?v=song287,267,30081387,False
B288,Chal Chaiyya Chaiyya,Mohammed Rafi,1988,English,devotional,celebration,https://www.youtube.com/watch?v=song288,299,7643913,False
B289,Main Tera Boyfriend,Rahat Fateh Ali Khan,1982,Hindi,yearning,nostalgia,https://www.youtube.com/watch?v=song289,255,182738474,False
B290,Agar Tum Saath Ho,Kishore Kumar,1972,Hindi,romantic,companionship,https://www.youtube.com/watch?v=song290,338,194359083,False
B291,Gerua,Jagjit Singh,1967,English,intimate,unconditional,https://www.youtube.com/watch?v=song291,343,189267035,False
B292,Tum Mile,Mohammed Rafi,2014,Urdu,passionate,reunion,https://www.youtube.com/watch?v=song292,326,90121935,False
B293,Channa Mereya,Arijit Singh,1993,Punjabi,yearning,melancholy,https://www.youtube.com/watch?v=song293,349,139593204,False
B294,Pehla Nasha,Arijit Singh,1999,Hindi,passionate,companionship,https://www.youtube.com/watch?v=song294,349,180051290,False
B295,Tum Mile,Arijit Singh,2003,Hindi,intimate,rainy_night,https://www.youtube.com/watch?v=song295,294,55747569,False
B296,Main Tera Boyfriend,Rahat Fateh Ali Khan,2018,Urdu,devotional,confusion,https://www.youtube.com/watch?v=song296,333,155778734,False
B297,Main Tera Boyfriend,Atif Aslam,1988,Punjabi,devotional,devotion,https://www.youtube.com/watch?v=song297,242,79305026,False
B298,Channa Mereya,Yo Yo Honey Singh,1987,Hindi,devotional,separation,https://www.youtube.com/watch?v=song298,312,86543676,False
B299,Channa Mereya,Mohammed Rafi,1996,Hindi,blissful,longing,https://www.youtube.com/watch?v=song299,303,79463483,False
B300,Gerua,Atif Aslam,1955,Hindi,blissful,confession,https://www.youtube.com/watch?v=song300,354,135841314,False
B301,Kya Mujhe Pyaar Hai,Shreya Ghoshal,1983,English,playful,separation,https://www.youtube.com/watch?v=song301,242,85871013,False
B302,Tere Liye,Mohit Chauhan,1977,English,dreamy,rainy_night,https://www.youtube.com/watch?v=song302,283,117438110,False
B303,Gerua,Jagjit Singh,2015,Urdu,devotional,separation,https://www.youtube.com/watch?v=song303,253,114707928,False
B304,Tere Liye,Kishore Kumar,2023,Punjabi,dreamy,dedication,https://www.youtube.com/watch?v=song304,349,6900671,False
B305,Tere Bina,Sonu Nigam,1973,Hindi,romantic,devotion,https://www.youtube.com/watch?v=song305,250,37565358,False
B306,Tere Bina,Mohit Chauhan,2009,Hindi,romantic,unconditional,https://www.youtube.com/watch?v=song306,275,157002553,False
B307,Tere Liye,Sonu Nigam,2004,Urdu,blissful,confession,https://www.youtube.com/watch?v=song307,252,148259346,False
B308,Chal Chaiyya Chaiyya,Sonu Nigam,1983,Urdu,devotional,passion,https://www.youtube.com/watch?v=song308,319,118106199,False
B309,Kabhi Kabhi Aditi,Mohit Chauhan,2005,Punjabi,dreamy,devotion,https://www.youtube.com/watch?v=song309,291,2837261,False
B310,Tere Bina,Mohit Chauhan,1959,Punjabi,melancholic,beauty,https://www.youtube.com/watch?v=song310,356,70760790,False
B311,Agar Tum Saath Ho,Shreya Ghoshal,1995,Hindi,dreamy,companionship,https://www.youtube.com/watch?v=song311,297,190559125,False
B312,Tere Liye,Sukhwinder Singh,1994,English,romantic,longing,https://www.youtube.com/watch?v=song312,318,170527690,False
B313,Tere Liye,Sonu Nigam,2016,Urdu,passionate,separation,https://www.youtube.com/watch?v=song313,301,47036630,False
B314,Channa Mereya,Mohammed Rafi,1976,Hindi,passionate,celebration,https://www.youtube.com/watch?v=song314,320,21503997,False
B315,Tum Hi Ho,Mohit Chauhan,1977,Urdu,intimate,heartbreak,https://www.youtube.com/watch?v=song315,245,152206777,False
B316,Channa Mereya,Atif Aslam,1951,Punjabi,romantic,playful,https://www.youtube.com/watch?v=song316,302,71778617,False
B317,Tere Sang Yaara,Arijit Singh,1972,English,yearning,playful,https://www.youtube.com/watch?v=song317,247,108980592,False
B318,Kya Mujhe Pyaar Hai,Lata Mangeshkar,2009,English,nostalgic,confession,https://www.youtube.com/watch?v=song318,241,151454693,False
B319,Soch Na Sake,Mohammed Rafi,2017,Urdu,devotional,dedication,https://www.youtube.com/watch?v=song319,256,64438364,False
B320,Phir Bhi Tumko Chaahungi,Mohammed Rafi,1984,Urdu,devotional,realization,https://www.youtube.com/watch?v=song320,285,23526904,False
B321,Pehla Nasha,Mohammed Rafi,1994,Hindi,blissful,realization,https://www.youtube.com/watch?v=song321,271,94489377,False
B322,Soch Na Sake,Atif Aslam,1950,Hindi,devotional,separation,https://www.youtube.com/watch?v=song322,331,72053547,False
B323,Main Agar Kahoon,Kishore Kumar,1986,English,nostalgic,playful,https://www.youtube.com/watch?v=song323,319,138904294,False
B324,Agar Tum Saath Ho,Atif Aslam,1996,Urdu,nostalgic,separation,https://www.youtube.com/watch?v=song324,353,188718923,False
B325,Tum Mile,Atif Aslam,1998,English,yearning,separation,https://www.youtube.com/watch?v=song325,302,17492242,False
B326,Tum Se Hi,Rahat Fateh Ali Khan,2001,Hindi,romantic,confession,https://www.youtube.com/watch?v=song326,299,64956622,False
B327,Kal Ho Naa Ho,Shankar Mahadevan,2008,Punjabi,blissful,separation,https://www.youtube.com/watch?v=song327,284,73852473,False
B328,Chal Chaiyya Chaiyya,Atif Aslam,1956,Hindi,passionate,dedication,https://www.youtube.com/watch?v=song328,241,35676407,False
B329,Kya Mujhe Pyaar Hai,Shankar Mahadevan,2005,Urdu,yearning,companionship,https://www.youtube.com/watch?v=song329,322,8433675,False
B330,Kabhi Kabhi Aditi,Arijit Singh,1963,English,playful,nostalgia,https://www.youtube.com/watch?v=song330,258,24761608,False
B331,Tere Liye,Shankar Mahadevan,2015,English,romantic,confession,https://www.youtube.com/watch?v=song331,334,165118218,False
B332,Tum Se Hi,Arijit Singh,1950,Punjabi,dreamy,destiny,https://www.youtube.com/watch?v=song332,246,152470769,False
B333,Tum Mile,Shankar Mahadevan,2024,English,melancholic,heartbreak,https://www.youtube.com/watch?v=song333,248,89499641,False
B334,Soch Na Sake,Arijit Singh,1956,English,playful,heartbreak,https://www.youtube.com/watch?v=song334,319,48342733,False
B335,Raabta,Rahat Fateh Ali Khan,1959,Punjabi,devotional,beauty,https://www.youtube.com/watch?v=song335,251,7084551,False
B336,Gerua,Mohit Chauhan,1966,Urdu,melancholic,longing,https://www.youtube.com/watch?v=song336,283,116405154,False
B337,Chal Chaiyya Chaiyya,Yo Yo Honey Singh,2020,Urdu,intimate,beauty,https://www.youtube.com/watch?v=song337,322,138259602,False
B338,Kal Ho Naa Ho,Sonu Nigam,1962,Punjabi,passionate,confusion,https://www.youtube.com/watch?v=song338,244,142865603,False
B339,Raabta,Rahat Fateh Ali Khan,1973,English,dreamy,unconditional,https://www.youtube.com/watch?v=song339,349,193960890,False
B340,Kabira,Sukhwinder Singh,2017,Punjabi,dreamy,first_love,https://www.youtube.com/watch?v=song340,341,6497024,False
B341,Channa Mereya,Arijit Singh,1970,Punjabi,playful,playful,https://www.youtube.com/watch?v=song341,299,182647634,False
B342,Phir Bhi Tumko Chaahungi,Udit Narayan,1976,Punjabi,melancholic,passion,https://www.youtube.com/watch?v=song342,264,38907065,False
B343,Tere Sang Yaara,Udit Narayan,1984,English,yearning,celebration,https://www.youtube.com/watch?v=song343,321,168116189,False
B344,Tum Mile,Atif Aslam,1971,English,melancholic,companionship,https://www.youtube.com/watch?v=song344,314,154197727,False
B345,Chal Chaiyya Chaiyya,Sukhwinder Singh,1963,Hindi,melancholic,realization,https://www.youtube.com/watch?v=song345,290,110271856,False
B346,Soch Na Sake,Rahat Fateh Ali Khan,2020,Punjabi,nostalgic,reunion,https://www.youtube.com/watch?v=song346,349,27021670,False
B347,Channa Mereya,Sukhwinder Singh,1972,Punjabi,dreamy,devotion,https://www.youtube.com/watch?v=song347,354,97186172,False
B348,Tere Liye,Jagjit Singh,1987,English,passionate,celebration,https://www.youtube.com/watch?v=song348,277,97033742,False
B349,Kya Mujhe Pyaar Hai,Rahat Fateh Ali Khan,1994,Punjabi,playful,separation,https://www.youtube.com/watch?v=song349,313,89963522,False
B350,Chal Chaiyya Chaiyya,Shreya Ghoshal,1954,Hindi,dreamy,beauty,https://www.youtube.com/watch?v=song350,345,68794602,False
B351,Tere Sang Yaara,Lata Mangeshkar,1997,Hindi,devotional,devotion,https://www.youtube.com/watch?v=song351,354,140160251,False
B352,Tere Liye,Sonu Nigam,2000,Urdu,melancholic,realization,https://www.youtube.com/watch?v=song352,319,192245840,False
B353,Tere Liye,Shankar Mahadevan,1974,Urdu,intimate,celebration,https://www.youtube.com/watch?v=song353,330,178840639,False
B354,Tere Liye,Mohit Chauhan,1992,Hindi,nostalgic,melancholy,https://www.youtube.com/watch?v=song354,276,109116762,False
B355,Main Tera Boyfriend,Jagjit Singh,2010,Hindi,devotional,beauty,https://www.youtube.com/watch?v=song355,243,48359854,False
B356,Kya Mujhe Pyaar Hai,Lata Mangeshkar,2002,Punjabi,playful,destiny,https://www.youtube.com/watch?v=song356,301,4425985,False
B357,Tere Sang Yaara,Rahat Fateh Ali Khan,1973,Urdu,romantic,confusion,https://www.youtube.com/watch?v=song357,284,51753259,False
B358,Soch Na Sake,Shankar Mahadevan,1976,English,dreamy,melancholy,https://www.youtube.com/watch?v=song358,263,155711880,False
B359,Raabta,Lata Mangeshkar,1964,Hindi,blissful,separation,https://www.youtube.com/watch?v=song359,334,38228646,False
B360,Kal Ho Naa Ho,Sonu Nigam,1962,Punjabi,nostalgic,confession,https://www.youtube.com/watch?v=song360,296,183530613,False
B361,Raabta,Shankar Mahadevan,2011,English,melancholic,unconditional,https://www.youtube.com/watch?v=song361,276,3777887,False
B362,Kya Mujhe Pyaar Hai,Sonu Nigam,1998,Hindi,playful,destiny,https://www.youtube.com/watch?v=song362,250,57909626,False
B363,Tere Liye,Sukhwinder Singh,1989,Punjabi,blissful,dedication,https://www.youtube.com/watch?v=song363,272,185270744,False
B364,Tum Hi Ho,Shreya Ghoshal,1950,English,passionate,dedication,https://www.youtube.com/watch?v=song364,301,108926288,False
B365,Tum Mile,Mohit Chauhan,1962,English,playful,rainy_night,https://www.youtube.com/watch?v=song365,286,164488734,False
B366,Chal Chaiyya Chaiyya,Rahat Fateh Ali Khan,1986,English,yearning,beauty,https://www.youtube.com/watch?v=song366,278,164030091,False
B367,Agar Tum Saath Ho,Shankar Mahadevan,1963,Hindi,yearning,melancholy,https://www.youtube.com/watch?v=song367,341,135630136,False
B368,Main Agar Kahoon,Kishore Kumar,1963,Hindi,nostalgic,melancholy,https://www.youtube.com/watch?v=song368,265,183839159,False
B369,Tere Liye,Mohammed Rafi,1974,English,romantic,rainy_night,https://www.youtube.com/watch?v=song369,347,16405647,False
B370,Channa Mereya,Arijit Singh,2013,English,blissful,nostalgia,https://www.youtube.com/watch?v=song370,312,49777847,False
B371,Kya Mujhe Pyaar Hai,Shreya Ghoshal,1955,Urdu,melancholic,celebration,https://www.youtube.com/watch?v=song371,280,78967820,False
B372,Agar Tum Saath Ho,Kishore Kumar,1980,Urdu,devotional,rainy_night,https://www.youtube.com/watch?v=song372,338,83543272,False
B373,Tum Se Hi,Shreya Ghoshal,2022,English,playful,dedication,https://www.youtube.com/watch?v=song373,291,62152322,False
B374,Kal Ho Naa Ho,Arijit Singh,1957,English,blissful,dedication,https://www.youtube.com/watch?v=song374,334,126185823,False
B375,Kal Ho Naa Ho,Kishore Kumar,1958,Urdu,melancholic,devotion,https://www.youtube.com/watch?v=song375,337,108826613,False
B376,Tere Bina,Mohammed Rafi,1977,Urdu,yearning,separation,https://www.youtube.com/watch?v=song376,311,37057874,False
B377,Kal Ho Naa Ho,Mohit Chauhan,2010,Urdu,melancholic,nostalgia,https://www.youtube.com/watch?v=song377,268,174689536,False
B378,Pehla Nasha,Lata Mangeshkar,1994,Hindi,dreamy,longing,https://www.youtube.com/watch?v=song378,310,196371195,False
B379,Chal Chaiyya Chaiyya,Atif Aslam,2004,Punjabi,dreamy,destiny,https://www.youtube.com/watch?v=song379,280,15764960,False
B380,Kabhi Kabhi Aditi,Sonu Nigam,2005,Hindi,melancholic,celebration,https://www.youtube.com/watch?v=song380,331,130282331,False
B381,Channa Mereya,Yo Yo Honey Singh,2008,Urdu,intimate,companionship,https://www.youtube.com/watch?v=song381,347,146360057,False
B382,Gerua,Sukhwinder Singh,2014,Punjabi,blissful,unconditional,https://www.youtube.com/watch?v=song382,271,31691163,False
B383,Gerua,Atif Aslam,1996,Hindi,intimate,beauty,https://www.youtube.com/watch?v=song383,240,186946152,False
B384,Tere Sang Yaara,Mohammed Rafi,1967,Urdu,yearning,unconditional,https://www.youtube.com/watch?v=song384,331,30611172,False
B385,Tum Hi Ho,Sonu Nigam,1971,English,melancholic,nostalgia,https://www.youtube.com/watch?v=song385,301,178808308,False
B386,Main Tera Boyfriend,Kishore Kumar,2003,English,blissful,passion,https://www.youtube.com/watch?v=song386,357,97115692,False
B387,Tum Mile,Rahat Fateh Ali Khan,2023,Punjabi,romantic,rainy_night,https://www.youtube.com/watch?v=song387,245,99921064,False
B388,Gerua,Udit Narayan,2019,Punjabi,playful,nostalgia,https://www.youtube.com/watch?v=song388,357,42915960,False
B389,Main Agar Kahoon,Shreya Ghoshal,1983,Hindi,intimate,devotion,https://www.youtube.com/watch?v=song389,332,26514483,False
B390,Agar Tum Saath Ho,Shreya Ghoshal,2024,English,blissful,passion,https://www.youtube.com/watch?v=song390,246,143335233,False
B391,Gerua,Mohit Chauhan,1993,Urdu,dreamy,separation,https://www.youtube.com/watch?v=song391,335,19587106,False
B392,Phir Bhi Tumko Chaahungi,Sonu Nigam,1974,Punjabi,romantic,devotion,https://www.youtube.com/watch?v=song392,276,56789823,False
B393,Tum Mile,Arijit Singh,1975,English,yearning,celebration,https://www.youtube.com/watch?v=song393,353,1495813,False
B394,Kya Mujhe Pyaar Hai,Mohit Chauhan,2017,Punjabi,devotional,confession,https://www.youtube.com/watch?v=song394,313,17690004,False
B395,Tum Hi Ho,Arijit Singh,1963,Hindi,romantic,unconditional,https://www.youtube.com/watch?v=song395,324,112954888,False
B396,Main Agar Kahoon,Mohit Chauhan,1989,English,intimate,passion,https://www.youtube.com/watch?v=song396,246,179553363,False
B397,Tum Se Hi,Lata Mangeshkar,2014,Hindi,romantic,first_love,https://www.youtube.com/watch?v=song397,338,193654410,False
B398,Tere Bina,Jagjit Singh,1983,English,intimate,realization,https://www.youtube.com/watch?v=song398,322,58318807,False
B399,Pehla Nasha,Shankar Mahadevan,1974,Urdu,blissful,separation,https://www.youtube.com/watch?v=song399,263,67739150,False
B400,Kabhi Kabhi Aditi,Sonu Nigam,2021,Hindi,dreamy,companionship,https://www.youtube.com/watch?v=song400,240,170219919,False
B401,Tere Liye,Rahat Fateh Ali Khan,2019,Punjabi,blissful,rainy_night,https://www.youtube.com/watch?v=song401,338,85130306,False
B402,Gerua,Udit Narayan,1982,Urdu,playful,celebration,https://www.youtube.com/watch?v=song402,303,144253298,False
B403,Tum Se Hi,Atif Aslam,2007,Hindi,devotional,nostalgia,https://www.youtube.com/watch?v=song403,332,186541724,False
B404,Main Agar Kahoon,Rahat Fateh Ali Khan,1952,Punjabi,yearning,rainy_night,https://www.youtube.com/watch?v=song404,307,119288373,False
B405,Tere Liye,Mohammed Rafi,2001,Hindi,devotional,first_love,https://www.youtube.com/watch?v=song405,292,63925325,False
B406,Tum Mile,Arijit Singh,1960,Urdu,romantic,celebration,https://www.youtube.com/watch?v=song406,243,180338312,False
B407,Agar Tum Saath Ho,Mohit Chauhan,1970,English,nostalgic,first_love,https://www.youtube.com/watch?v=song407,321,44635654,False
B408,Gerua,Rahat Fateh Ali Khan,1986,Urdu,passionate,dedication,https://www.youtube.com/watch?v=song408,357,42986788,False
B409,Kabhi Kabhi Aditi,Atif Aslam,1966,Urdu,dreamy,realization,https://www.youtube.com/watch?v=song409,252,140975340,False
B410,Agar Tum Saath Ho,Jagjit Singh,1967,Hindi,melancholic,separation,https://www.youtube.com/watch?v=song410,359,15007749,False
B411,Raabta,Arijit Singh,1986,English,passionate,separation,https://www.youtube.com/watch?v=song411,281,158166735,False
B412,Kal Ho Naa Ho,Mohit Chauhan,1986,Punjabi,intimate,devotion,https://www.youtube.com/watch?v=song412,274,39913835,False
B413,Raabta,Rahat Fateh Ali Khan,2003,Hindi,nostalgic,confession,https://www.youtube.com/watch?v=song413,346,100353206,False
B414,Soch Na Sake,Jagjit Singh,1964,Urdu,blissful,dedication,https://www.youtube.com/watch?v=song414,308,101623362,False
B415,Gerua,Mohit Chauhan,2007,English,playful,devotion,https://www.youtube.com/watch?v=song415,241,87323417,False
B416,Phir Bhi Tumko Chaahungi,Udit Narayan,2014,Urdu,nostalgic,companionship,https://www.youtube.com/watch?v=song416,321,24210053,False
B417,Main Tera Boyfriend,Shankar Mahadevan,1979,English,playful,companionship,https://www.youtube.com/watch?v=song417,296,39044954,False
B418,Pehla Nasha,Mohit Chauhan,2009,Hindi,yearning,confession,https://www.youtube.com/watch?v=song418,349,51206366,False
B419,Kya Mujhe Pyaar Hai,Lata Mangeshkar,1971,Hindi,yearning,devotion,https://www.youtube.com/watch?v=song419,253,49648149,False
B420,Main Agar Kahoon,Jagjit Singh,1953,Punjabi,blissful,rainy_night,https://www.youtube.com/watch?v=song420,313,143621590,False
B421,Soch Na Sake,Rahat Fateh Ali Khan,1991,Hindi,devotional,confusion,https://www.youtube.com/watch?v=song421,359,41937905,False
B422,Tum Mile,Arijit Singh,1967,Hindi,nostalgic,longing,https://www.youtube.com/watch?v=song422,263,80211100,False
B423,Phir Bhi Tumko Chaahungi,Sukhwinder Singh,2007,Punjabi,romantic,reunion,https://www.youtube.com/watch?v=song423,290,99704079,False
B424,Kal Ho Naa Ho,Rahat Fateh Ali Khan,1996,Hindi,passionate,passion,https://www.youtube.com/watch?v=song424,272,89515885,False
B425,Pehla Nasha,Atif Aslam,1979,Punjabi,passionate,melancholy,https://www.youtube.com/watch?v=song425,294,116242275,False
B426,Tum Mile,Shankar Mahadevan,2012,Hindi,intimate,heartbreak,https://www.youtube.com/watch?v=song426,346,130182148,False
B427,Soch Na Sake,Yo Yo Honey Singh,2020,English,nostalgic,nostalgia,https://www.youtube.com/watch?v=song427,296,198672528,False
B428,Soch Na Sake,Yo Yo Honey Singh,1974,English,playful,nostalgia,https://www.youtube.com/watch?v=song428,261,147824750,False
B429,Kal Ho Naa Ho,Sukhwinder Singh,1972,Urdu,melancholic,celebration,https://www.youtube.com/watch?v=song429,350,75418858,False
B430,Tere Sang Yaara,Rahat Fateh Ali Khan,2022,Urdu,playful,playful,https://www.youtube.com/watch?v=song430,279,41341623,False
B431,Raabta,Sukhwinder Singh,1975,Punjabi,romantic,playful,https://www.youtube.com/watch?v=song431,264,26140983,False
B432,Kabhi Kabhi Aditi,Shreya Ghoshal,2018,Punjabi,blissful,devotion,https://www.youtube.com/watch?v=song432,353,137988267,False
B433,Tum Hi Ho,Sonu Nigam,2006,Hindi,yearning,melancholy,https://www.youtube.com/watch?v=song433,277,115645682,False
B434,Chal Chaiyya Chaiyya,Rahat Fateh Ali Khan,2000,Hindi,yearning,confession,https://www.youtube.com/watch?v=song434,286,162438304,False
B435,Chal Chaiyya Chaiyya,Lata Mangeshkar,2008,Hindi,blissful,melancholy,https://www.youtube.com/watch?v=song435,325,94915340,False
B436,Chal Chaiyya Chaiyya,Kishore Kumar,1975,English,nostalgic,melancholy,https://www.youtube.com/watch?v=song436,333,58375465,False
B437,Gerua,Kishore Kumar,2000,English,passionate,rainy_night,https://www.youtube.com/watch?v=song437,243,63441353,False
B438,Raabta,Sonu Nigam,1966,Hindi,melancholic,celebration,https://www.youtube.com/watch?v=song438,355,4733178,False
B439,Raabta,Yo Yo Honey Singh,2022,Punjabi,blissful,companionship,https://www.youtube.com/watch?v=song439,344,119346149,False
B440,Gerua,Rahat Fateh Ali Khan,1962,Hindi,intimate,reunion,https://www.youtube.com/watch?v=song440,310,2211974,False
B441,Pehla Nasha,Yo Yo Honey Singh,1995,Urdu,nostalgic,confession,https://www.youtube.com/watch?v=song441,250,66401361,False
B442,Gerua,Mohammed Rafi,1962,Punjabi,playful,longing,https://www.youtube.com/watch?v=song442,300,42710804,False
B443,Channa Mereya,Shankar Mahadevan,1973,Punjabi,playful,celebration,https://www.youtube.com/watch?v=song443,295,100702456,False
B444,Soch Na Sake,Arijit Singh,1983,Urdu,romantic,heartbreak,https://www.youtube.com/watch?v=song444,240,100879632,False
B445,Raabta,Mohammed Rafi,2012,Urdu,romantic,passion,https://www.youtube.com/watch?v=song445,359,168967020,False
B446,Phir Bhi Tumko Chaahungi,Udit Narayan,2014,English,blissful,unconditional,https://www.youtube.com/watch?v=song446,254,144145825,False
B447,Tum Hi Ho,Shreya Ghoshal,1994,Hindi,passionate,destiny,https://www.youtube.com/watch?v=song447,271,24306848,False
B448,Tere Sang Yaara,Udit Narayan,2020,English,dreamy,confusion,https://www.youtube.com/watch?v=song448,303,33338709,False
B449,Main Agar Kahoon,Mohit Chauhan,1967,Punjabi,blissful,realization,https://www.youtube.com/watch?v=song449,249,129600839,False
B450,Soch Na Sake,Udit Narayan,1987,Urdu,nostalgic,reunion,https://www.youtube.com/watch?v=song450,344,51696865,False
B451,Tere Sang Yaara,Atif Aslam,2018,English,intimate,heartbreak,https://www.youtube.com/watch?v=song451,344,161254060,False
B452,Kabira,Shankar Mahadevan,1979,Hindi,playful,separation,https://www.youtube.com/watch?v=song452,307,155674381,False
B453,Tum Se Hi,Jagjit Singh,1961,Punjabi,playful,confession,https://www.youtube.com/watch?v=song453,302,116257859,False
B454,Channa Mereya,Yo Yo Honey Singh,1983,English,intimate,separation,https://www.youtube.com/watch?v=song454,295,133639340,False
B455,Pehla Nasha,Arijit Singh,2012,Urdu,intimate,heartbreak,https://www.youtube.com/watch?v=song455,324,105627289,False
B456,Gerua,Rahat Fateh Ali Khan,2006,English,passionate,rainy_night,https://www.youtube.com/watch?v=song456,347,30934732,False
B457,Tum Se Hi,Kishore Kumar,2022,Urdu,yearning,destiny,https://www.youtube.com/watch?v=song457,349,47779517,False
B458,Kal Ho Naa Ho,Sonu Nigam,2007,Urdu,yearning,longing,https://www.youtube.com/watch?v=song458,355,97715317,False
B459,Tere Liye,Yo Yo Honey Singh,1989,Punjabi,intimate,longing,https://www.youtube.com/watch?v=song459,284,76042432,False
B460,Phir Bhi Tumko Chaahungi,Lata Mangeshkar,1988,Hindi,romantic,destiny,https://www.youtube.com/watch?v=song460,307,75686850,False
B461,Pehla Nasha,Yo Yo Honey Singh,2006,Hindi,passionate,reunion,https://www.youtube.com/watch?v=song461,317,8597027,False
B462,Tere Liye,Sukhwinder Singh,2015,Punjabi,yearning,reunion,https://www.youtube.com/watch?v=song462,244,166932083,False
B463,Kal Ho Naa Ho,Mohit Chauhan,1970,Hindi,blissful,passion,https://www.youtube.com/watch?v=song463,257,185870757,False
B464,Tere Bina,Rahat Fateh Ali Khan,1982,Punjabi,playful,destiny,https://www.youtube.com/watch?v=song464,339,155239264,False
B465,Main Agar Kahoon,Shreya Ghoshal,2018,Urdu,passionate,unconditional,https://www.youtube.com/watch?v=song465,360,187490476,False
B466,Tum Hi Ho,Yo Yo Honey Singh,2016,Urdu,romantic,confusion,https://www.youtube.com/watch?v=song466,288,152189991,False
B467,Main Tera Boyfriend,Shankar Mahadevan,1952,Punjabi,dreamy,destiny,https://www.youtube.com/watch?v=song467,347,82830793,False
B468,Chal Chaiyya Chaiyya,Mohit Chauhan,2015,Hindi,passionate,first_love,https://www.youtube.com/watch?v=song468,348,178245278,False
B469,Phir Bhi Tumko Chaahungi,Rahat Fateh Ali Khan,1996,English,playful,destiny,https://www.youtube.com/watch?v=song469,347,129116840,False
B470,Kabira,Lata Mangeshkar,2024,Urdu,yearning,melancholy,https://www.youtube.com/watch?v=song470,245,66151884,False
B471,Main Agar Kahoon,Rahat Fateh Ali Khan,2011,Urdu,blissful,destiny,https://www.youtube.com/watch?v=song471,241,151546826,False
B472,Kabhi Kabhi Aditi,Jagjit Singh,1973,Punjabi,nostalgic,passion,https://www.youtube.com/watch?v=song472,260,10676686,False
B473,Tum Se Hi,Arijit Singh,1995,English,playful,rainy_night,https://www.youtube.com/watch?v=song473,255,17464946,False
B474,Pehla Nasha,Udit Narayan,1981,English,dreamy,beauty,https://www.youtube.com/watch?v=song474,330,141463510,False
B475,Agar Tum Saath Ho,Shreya Ghoshal,1958,Hindi,yearning,separation,https://www.youtube.com/watch?v=song475,296,194958483,False
B476,Tum Mile,Jagjit Singh,2014,English,romantic,separation,https://www.youtube.com/watch?v=song476,345,28317188,False
B477,Tere Bina,Sukhwinder Singh,1987,Punjabi,dreamy,beauty,https://www.youtube.com/watch?v=song477,334,54715380,False
B478,Tere Liye,Atif Aslam,2009,English,passionate,companionship,https://www.youtube.com/watch?v=song478,248,113018541,False
B479,Kya Mujhe Pyaar Hai,Lata Mangeshkar,1999,Hindi,intimate,separation,https://www.youtube.com/watch?v=song479,330,141485104,False
B480,Main Agar Kahoon,Kishore Kumar,2022,Urdu,playful,devotion,https://www.youtube.com/watch?v=song480,345,165480238,False
B481,Chal Chaiyya Chaiyya,Lata Mangeshkar,2004,Punjabi,yearning,melancholy,https://www.youtube.com/watch?v=song481,356,189296815,False
B482,Kabhi Kabhi Aditi,Udit Narayan,2014,Urdu,intimate,longing,https://www.youtube.com/watch?v=song482,313,193084734,False
B483,Phir Bhi Tumko Chaahungi,Rahat Fateh Ali Khan,1992,English,dreamy,reunion,https://www.youtube.com/watch?v=song483,280,66162142,False
B484,Kabhi Kabhi Aditi,Mohit Chauhan,1969,Urdu,devotional,first_love,https://www.youtube.com/watch?v=song484,357,166167054,False
B485,Kal Ho Naa Ho,Shreya Ghoshal,1961,Urdu,melancholic,rainy_night,https://www.youtube.com/watch?v=song485,291,157742093,False
B486,Main Agar Kahoon,Atif Aslam,1972,English,dreamy,longing,https://www.youtube.com/watch?v=song486,276,167514545,False
B487,Tum Hi Ho,Shankar Mahadevan,1959,English,dreamy,companionship,https://www.youtube.com/watch?v=song487,335,90838476,False
B488,Phir Bhi Tumko Chaahungi,Sonu Nigam,1996,Urdu,nostalgic,beauty,https://www.youtube.com/watch?v=song488,303,192204609,False
B489,Pehla Nasha,Shreya Ghoshal,2011,English,dreamy,companionship,https://www.youtube.com/watch?v=song489,325,90011523,False
B490,Main Tera Boyfriend,Rahat Fateh Ali Khan,1992,English,passionate,confession,https://www.youtube.com/watch?v=song490,262,79211496,False
B491,Kal Ho Naa Ho,Udit Narayan,2005,Hindi,yearning,separation,https://www.youtube.com/watch?v=song491,344,81175120,False
B492,Channa Mereya,Kishore Kumar,1988,Hindi,passionate,confusion,https://www.youtube.com/watch?v=song492,250,63612488,False
B493,Gerua,Mohit Chauhan,1965,Punjabi,yearning,confusion,https://www.youtube.com/watch?v=song493,262,78495186,False
B494,Main Agar Kahoon,Shreya Ghoshal,2004,English,romantic,first_love,https://www.youtube.com/watch?v=song494,290,56997841,False
B495,Tum Hi Ho,Kishore Kumar,2022,Urdu,blissful,melancholy,https://www.youtube.com/watch?v=song495,345,120315037,False
B496,Tum Se Hi,Atif Aslam,1953,Urdu,yearning,beauty,https://www.youtube.com/watch?v=song496,267,67670944,False
B497,Phir Bhi Tumko Chaahungi,Kishore Kumar,2010,Punjabi,nostalgic,confession,https://www.youtube.com/watch?v=song497,336,189535486,False
B498,Tere Liye,Jagjit Singh,2017,English,yearning,heartbreak,https://www.youtube.com/watch?v=song498,251,85205790,False
B499,Pehla Nasha,Atif Aslam,2002,Punjabi,yearning,separation,https://www.youtube.com/watch?v=song499,320,138432582,False
B500,Main Agar Kahoon,Yo Yo Honey Singh,2000,Urdu,dreamy,longing,https://www.youtube.com/watch?v=song500,269,86937699,False
